window,unique_european_articles,sum_complete_country_counts,mean_eu_countries_per_article,median_eu_countries_per_article,share_intra_eu_collab,inflation_factor_complete_over_unique,sum_of_all_country_shares
2001-2005,14240,15756,1.1064606741573033,1.0,0.09627808988764044,1.1064606741573033,1.1064606741573033
2006-2010,22048,25170,1.141600145137881,1.0,0.12685957910014514,1.141600145137881,1.141600145137881
2011-2015,26136,30953,1.1843051729415366,1.0,0.15924395469850014,1.1843051729415366,1.1843051729415366
2016-2020,31263,37856,1.2108882704794806,1.0,0.1774301890413588,1.2108882704794806,1.2108882704794806
2021-2025,47038,57395,1.220183681278966,1.0,0.18359624133679153,1.220183681278966,1.220183681278966
