window,ES_articles,IT_articles,ratio_ES_IT,ES_share_eu27_uk_pct,IT_share_eu27_uk_pct
2001-2005,967,1507,0.641672,6.791,10.583
2006-2010,1680,2132,0.787992,7.62,9.67
2011-2015,1909,2560,0.745703,7.304,9.795
2016-2020,1536,2796,0.549356,4.913,8.943
2021-2025,1990,4069,0.489064,4.231,8.65
