window,eu27_uk_articles,GB_articles,GB_share_eu27_uk_pct,DE_articles,DE_share_eu27_uk_pct,FR_articles,FR_share_eu27_uk_pct,IT_articles,IT_share_eu27_uk_pct,NL_articles,NL_share_eu27_uk_pct,ES_articles,ES_share_eu27_uk_pct,PT_articles,PT_share_eu27_uk_pct,ratio_ES_IT,ratio_ES_FR,ratio_ES_DE,ratio_ES_GB
2001-2005,14240,2998,21.053,3145,22.086,2545,17.872,1507,10.583,1091,7.662,967,6.791,230,1.615,0.641672,0.379961,0.307472,0.322548
2006-2010,22048,4855,22.02,5350,24.265,4093,18.564,2132,9.67,1614,7.32,1680,7.62,411,1.864,0.787992,0.410457,0.314019,0.346035
2011-2015,26136,5981,22.884,6970,26.668,4508,17.248,2560,9.795,1742,6.665,1909,7.304,570,2.181,0.745703,0.423469,0.273888,0.319177
2016-2020,31263,8966,28.679,8270,26.453,4674,14.951,2796,8.943,2370,7.581,1536,4.913,557,1.782,0.549356,0.328626,0.185732,0.171314
2021-2025,47038,14709,31.27,12955,27.542,6337,13.472,4069,8.65,3865,8.217,1990,4.231,615,1.307,0.489064,0.314029,0.153609,0.135291
